服务,接口,pv
api-user,/growth/improvesuggest,1213
api-user,/,1107
api-user,/growth/ack,68
api-user,/personal/orderShortcuts,344326
api-user,/user/pceditinfo,426
api-user,/useraddress/list,3
api-user,/js/vue.js,1
api-user,/growth/privilegepage,907
api-user,/enterprise/index,3165
api-user,/opensns/unbind,10
api-user,/sitemap.xml,4
api-user,/robots.txt,4
api-user,/js/jquery-3.3.1.min.js,1
api-user,/personal/index,1283
api-user,/growth/getgreatlandlord,781
api-user,/device/protect,291
api-user,/smscode/outersend,130
api-user,/js/polyfill.min.js,1
api-user,/personal/fdindex,190361
api-user,/realnameverify/getuserinfo,21404
api-user,/user/getinfo,902
api-user,/mailcode/send,38
api-user,/migrationtask/upload,36
api-user,/favicon.ico,11
api-user,/personal/document,4936
api-user,/growth/homepage,190036
api-user,/growth/levelpage,1000
api-user,/personal/fkindex,239877
api-user,/realnameverify/pcadd,1319
api-user,/callback/sobotcheckvip,1963
api-user,/bdpeasy/api/echo/2021113009460100001,1
api-user,/device/index,1
api-user,/growth/privilegejournal,4
api-user,/bdpeasy/api/echo/2021113009300100001,1
api-user,/book/gettenantsv2,2
api-user,/js/captcha/gt.js,1
api-user,/js/captcha/captcha.js,1
api-user,/device/patch,1687
api-user,/bdpeasy/api/echo/2021113005190100001,1
api-user,/config/index.js,1
api-user,/js/utils/index.js,1
api-user,/growth/scorejournal,812
api-user,/smscode/outercheck,50
api-user,/personal/appletfkindex,9533
api-user,/user/infocheck,251
api-user,/landlordinfo/kainfo,28909
api-user,/js/captcha/captchaModel.js,1
